Sample,Platform,A_1,A_2,B_1,B_2,C_1,C_2
HG002,PromethION,A*26:01:01:01,A*01:01:01:01,B*35:08:01:01,B*38:01:01:01,C*12:03:01:01,C*04:01:01:01
HG003,PromethION,A*26:72,A*30:26,B*38:01:01:01,B*13:02:01:01,C*12:03:01:01,C*06:02:01:01
HG004,PromethION,A*33:01:02,A*01:01:48,B*35:262,B*14:27,C*04:01:01:01,C*08:02:01:01
HG005,PromethION,A*24:02:01:01,A*24:02:01:01,B*15:01:01:01,B*40:06:01:01,C*08:143,C*04:15:02
HG01106,PromethION,A*31:44,A*68:117,B*49:86,B*14:27,C*07:02:01:01,C*08:02:01:01
HG01258,PromethION,A*02:147,A*03:01:01:01,B*15:01:01:01,B*07:02:01:01,C*03:03:01:01,C*07:02:01:01
HG01928,PromethION,A*02:01:01:01,A*02:01:01:01,B*35:10,B*35:01:01:01,C*04:01:01:01,C*04:01:01:01
HG02055,PromethION,A*30:11:02,A*24:290,B*42:02:01:01,B*07:02:01:01,C*17:01:01:02,C*07:02:01:01
HG02630,PromethION,A*02:01:01:01,A*03:01:01:01,B*41:82,B*53:69,C*04:15:02,C*17:01:01:02
HG03492,PromethION,A*68:01:02:01,A*01:126,B*44:03:02:01,B*08:125,C*01:02:01:01,C*07:02:01:01
HG03579,PromethION,A*23:51,A*33:66,B*50:01:01:01,B*14:02:01:01,C*06:02:01:01,C*08:02:01:01
IHW09021,PromethION,A*30:55,A*03:01:09,B*42:01:01:01,B*42:01:01:01,C*17:01:01:02,C*17:01:01:02
IHW09049,PromethION,A*33:01:01:01,A*03:01:09,B*14:02:01:01,B*14:23,C*08:02:01:01,C*08:15:01
IHW09071,PromethION,A*31:01:02:01,A*03:41,B*15:01:01:01,B*15:20,C*01:02:30:01,C*03:04:01:01
IHW09117,PromethION,A*31:89,A*30:26,B*27:33,B*15:329,C*15:72,C*02:02:37
IHW09118,PromethION,A*24:02:01:01,A*02:01:01:01,B*56:01:01:01,B*56:01:01:01,C*01:02:01:01,C*01:02:01:01
IHW09122,PromethION,A*03:01:01:01,A*24:02:01:01,B*07:02:01:01,B*40:02:01:01,C*07:02:01:01,C*15:02:01:01
IHW09125,PromethION,A*02:01:01:01,A*02:07:01:01,B*15:13:01,B*15:101,C*08:01:01:01,C*01:12:01
IHW09175,PromethION,A*68:27:01,A*02:05:01:01,B*44:50:02,B*58:97,C*04:01:01:01,C*07:18:01:01
IHW09198,PromethION,A*02:07:01:01,A*02:01:01:01,B*15:13:01,B*46:01:01:01,C*08:01:01:01,C*01:12:01
IHW09200,PromethION,A*29:01:07,A*11:01:03,B*40:02:01:01,B*07:05:01:01,C*15:02:01:01,C*15:05:02:01
IHW09224,PromethION,A*03:01:19,A*03:208,B*38:02:01:01,B*15:13:01,C*08:01:01:01,C*07:02:01:01
IHW09245,PromethION,A*02:50,A*03:01:09,B*07:02:01:01,B*78:01:01:02,C*16:01:01:01,C*07:02:01:01
IHW09251,PromethION,A*02:01:01:01,A*24:93,B*48:01:01:01,B*51:02:01:01,C*08:01:01:01,C*08:01:01:01
IHW09359,PromethION,A*31:44,A*24:156,B*51:07:01,B*15:20,C*03:04:01:01,C*03:04:01:01
IHW09364,PromethION,A*68:01:25,A*02:35:02,B*35:72,B*40:04:01:01,C*04:01:01:01,C*03:04:01:01
IHW09409,PromethION,A*31:89,A*34:07,B*35:01:01:01,B*38:02:01:01,C*07:02:01:01,C*04:01:01:01
NA19240,PromethION,A*03:171,A*30:11:02,B*57:03:01:01,B*35:01:01:01,C*18:02:01:01,C*04:01:01:01
NA20129,PromethION,A*31:43,A*30:02:01:01,B*08:04:01,B*48:31,C*07:108:02,C*04:15:02
NA21309,PromethION,A*01:03:01:01,A*02:02:01:01,B*49:01:01:01,B*08:01:01:01,C*07:01:01:01,C*07:04:01:01
NA24694,PromethION,A*11:01:01:01,A*24:02:01:01,B*15:01:01:01,B*51:147,C*14:02:01:01,C*04:01:01:01
NA24695,PromethION,A*02:17:02:01,A*24:02:01:01,B*46:01:01:01,B*40:103,C*01:02:01:01,C*08:01:01:01
HG002,Revio,A*26:01:01:01,A*01:01:01:01,B*38:65,B*35:262,C*04:01:01:01,C*12:03:01:01
HG003,Revio,A*30:01:01:01,A*66:12,B*38:01:01:01,B*13:02:01:01,C*06:02:01:01,C*12:03:01:01
HG004,Revio,A*01:26,A*33:92,B*35:156,B*14:02:01:01,C*04:01:01:01,C*08:02:01:01
HG005,Revio,A*24:02:01:01,A*24:02:01:01,B*15:01:01:01,B*40:06:01:01,C*04:01:01:01,C*08:01:01:01
HG01106,Revio,A*68:02:08,A*31:01:07,B*14:27,B*49:86,C*08:02:01:01,C*07:02:01:01
HG01258,Revio,A*02:147,A*03:01:01:01,B*07:02:01:01,B*15:259,C*07:02:01:01,C*03:03:01:01
HG01928,Revio,A*02:01:01:01,A*02:01:01:01,B*35:10,B*35:01:01:01,C*04:01:01:01,C*04:01:01:01
HG02055,Revio,A*23:21,A*30:01:01:01,B*07:02:01:01,B*42:02:01:01,C*17:01:02,C*07:02:01:01
HG02630,Revio,A*02:01:01:01,A*03:01:01:01,B*41:82,B*53:69,C*17:01:01:02,C*04:15:02
HG03492,Revio,A*68:01:02:01,A*01:126,B*44:03:02:01,B*08:04:01,C*01:02:01:01,C*07:02:01:01
HG03579,Revio,A*23:51,A*33:01:02,B*50:01:01:01,B*14:02:01:01,C*08:02:01:01,C*06:02:01:01
IHW09021,Revio,A*68:103:01,A*30:01:01:01,B*42:01:01:01,B*42:01:01:01,C*17:01:01:02,C*17:01:01:02
IHW09049,Revio,A*33:01:01:01,A*33:91,B*14:02:01:01,B*14:23,C*08:02:01:01,C*08:02:01:01
IHW09071,Revio,A*31:01:02:01,A*31:01:05,B*15:01:01:01,B*15:20,C*01:02:30:01,C*03:04:01:01
IHW09117,Revio,A*31:115,A*02:309,B*27:46,B*35:251:02,C*15:05:02:01,C*07:138
IHW09118,Revio,A*02:58,A*24:93,B*56:01:01:01,B*56:01:01:01,C*01:02:01:01,C*01:02:01:01
IHW09122,Revio,A*03:01:01:01,A*24:02:01:01,B*40:02:02,B*07:02:01:01,C*07:02:01:01,C*15:02:01:01
IHW09125,Revio,A*02:07:01:01,A*02:01:01:01,B*15:13:01,B*46:01:01:01,C*08:01:01:01,C*01:12:01
IHW09175,Revio,A*68:27:01,A*02:05:01:01,B*44:50:01,B*58:01:01:01,C*04:01:01:01,C*07:18:01:01
IHW09198,Revio,A*02:01:01:01,A*02:07:01:01,B*15:13:01,B*46:01:01:01,C*01:146:02,C*08:01:01:01
IHW09200,Revio,A*31:89,A*11:366:01,B*07:05:01:01,B*40:02:01:01,C*15:02:01:01,C*15:05:02:01
IHW09224,Revio,A*26:92,A*03:176,B*38:65,B*15:13:01,C*07:02:01:01,C*08:01:01:01
IHW09245,Revio,A*68:02:03,A*03:72,B*07:02:01:01,B*78:01:01:02,C*16:01:01:01,C*07:02:01:01
IHW09251,Revio,A*24:02:01:01,A*02:01:01:01,B*48:31,B*51:02:01:01,C*08:01:01:01,C*08:01:01:01
IHW09359,Revio,A*24:129,A*31:01:05,B*51:147,B*15:20,C*03:04:01:01,C*03:04:01:01
IHW09364,Revio,A*02:985,A*02:55,B*40:04:01:01,B*35:72,C*04:01:01:01,C*03:04:01:01
IHW09409,Revio,A*34:19,A*31:01:05,B*35:03:01:01,B*38:02:01:01,C*07:02:01:01,C*04:01:72
NA19240,Revio,A*30:01:01:01,A*68:02:03,B*57:03:01:01,B*35:01:01:01,C*04:01:01:01,C*18:02:01:01
NA20129,Revio,A*31:43,A*30:02:01:01,B*08:01:01:01,B*48:01:01:01,C*04:01:01:01,C*07:01:01:01
NA21309,Revio,A*01:03:01:01,A*02:02:01:01,B*49:01:01:01,B*08:04:01,C*07:01:01:01,C*07:04:01:01
NA24694,Revio,A*11:01:01:01,A*24:02:01:01,B*15:56,B*51:07:01,C*04:01:01:01,C*14:02:01:01
NA24695,Revio,A*02:07:01:01,A*24:93,B*40:06:01:01,B*46:01:01:01,C*01:146:02,C*08:01:01:01
