sample,HLA-A,HLA-B,HLA-C,HLA-DRB1,HLA-DRB5,HLA-DQA1,HLA-DQA2,HLA-DQB1,HLA-DQB2
HG002,1,1,1,0,0,0,0,1,0
HG003,1,1,1,0,0,0,1,1,1
HG004,1,1,1,1,0,1,1,0,1
HG005,0,1,1,0,0,0,0,0,1
HG01106,1,1,1,0,0,0,1,1,0
HG01258,1,1,1,1,0,1,1,1,1
HG01928,0,0,0,0,0,0,1,1,1
HG02055,1,1,1,0,0,0,0,0,0
HG02630,1,1,1,0,0,0,1,0,1
HG03492,1,1,1,1,0,0,0,1,0
HG03579,1,1,1,0,0,0,0,0,0
IHW09021,1,0,0,1,0,0,0,0,0
IHW09049,1,0,0,0,0,0,0,1,0
IHW09071,1,0,1,0,0,0,0,0,0
IHW09117,1,1,1,1,0,0,1,1,1
IHW09118,1,0,0,0,0,0,0,0,0
IHW09122,1,1,1,1,0,1,1,1,1
IHW09125,0,1,1,0,0,0,0,1,0
IHW09175,1,1,1,0,0,0,1,1,0
IHW09198,0,1,1,1,0,0,0,1,1
IHW09200,1,1,1,0,0,0,1,1,1
IHW09224,1,1,1,1,0,0,0,0,0
IHW09245,1,1,1,0,0,0,0,0,1
IHW09251,1,1,0,0,0,0,0,0,0
IHW09359,1,1,0,0,0,0,1,0,1
IHW09364,1,1,1,0,0,0,0,0,0
IHW09409,1,1,1,1,0,0,1,1,0
NA19240,1,1,1,1,0,0,1,1,1
NA20129,1,1,1,0,0,0,1,1,1
NA21309,1,1,1,1,0,0,1,0,1
NA24694,1,1,1,0,0,0,0,1,1
NA24695,1,1,1,0,0,0,0,0,0